{"(0, 2, 1, 1, 1, 1, 1, 1)": [39.42623606813638, 48.53084930391275, 39.18094405488516, 48.46769936678521, 46.49004379479797], "(1, 1, 1, 1, 1, 1, 1, 1)": [7.009014239020214, 8.257169057801264, 8.565695113485875, 7.79541492756028, 6.604680530668388], "(1, 0, 1, 1, 1, 1, 1, 1)": [3.514290041692255, 4.603452615128733, 4.6283695443076365, 4.570267099350125, 4.656502304609823], "(1, 9, 1, 1, 1, 1, 1, 1)": [-4.923306455925537, -3.5897466692168534, -3.6763935370028515, -3.679802345647756, -3.5758245694300834], "(1, 9, 0, 1, 1, 1, 0, 0)": [-20.0, -0.15918887615203858, -0.0830099642276764, -0.320268985748291, 0.0], "(1, 9, 0, 1, 1, 0, 0, 0)": [0.0, 0.0, -0.17548514913681146, 0.0, 0.0], "(0, 1, 0, 0, 1, 0, 0, 0)": [0.05799149870872498, 0.0, 0.0, 0.0, 0.0], "(0, 1, 1, 1, 1, 1, 1, 1)": [2.7464519786117902, 4.052642919754524, 3.566933625344063, 2.724338115575097, 2.7469842941843026], "(0, 0, 1, 1, 1, 1, 1, 1)": [5.706093042164942, 4.610283790032403, 6.165553377613347, 5.524218999757027, 5.862410496012319], "(0, 9, 1, 1, 1, 1, 1, 1)": [-2.2352068714568945, -1.9564272747554534, -2.085994139886346, -2.344567979784054, -2.3249742028021716], "(0, 8, 1, 1, 1, 1, 1, 1)": [-5.428759113142894, -5.190823261094718, -6.206959310154673, -6.5120772625803465, -5.288769961412963], "(0, 7, 1, 1, 1, 1, 1, 1)": [-17.927559654768167, -17.980661157746724, -15.157036814627975, -17.399970222734744, -18.124420626943856], "(0, 7, 1, 1, 0, 1, 1, 1)": [-1.018970010703621, -1.4374492436910358, -0.8865109622096935, -1.079274906057635, -0.9181545594199674], "(1, 7, 1, 1, 0, 1, 1, 1)": [-1.1005892703996476, -1.424911723795319, -0.6367001988121033, -4.241463316055908, -1.3302543811146545], "(1, 7, 1, 1, 1, 1, 1, 1)": [-21.21497961261547, -19.218886363627277, -21.359589783946397, -22.52258993119892, -21.526460257818304], "(1, 7, 1, 1, 1, 0, 0, 1)": [0.0, -0.3959679460525513, -0.30621855258941655, -0.3526564359664917, 0.0], "(2, 7, 1, 1, 1, 0, 0, 1)": [-0.4784723234176636, -0.7306383352279664, -0.5242992287158966, -20.3226304359436, -0.15674207210540772], "(2, 7, 1, 0, 1, 0, 0, 1)": [-0.523492569923401, 0.0, 0.0, -0.3679203987121582, -0.18168694972991944], "(2, 7, 1, 0, 1, 0, 0, 0)": [0.0, 0.0, -0.22311267852783204, -0.39247705936431887, -20.0], "(2, 7, 0, 0, 0, 0, 0, 0)": [0.0, 0.0, 0.0, 0.0, 0.0], "(0, 5, 0, 0, 0, 0, 0, 0)": [0.0, 0.0, 0.0, 0.0, -0.017278081178665163], "(0, 5, 1, 1, 1, 1, 1, 1)": [-2.2139316157979434, -2.762467617761844, -2.066359936278618, -2.1258405274564227, -2.1072011458891775], "(0, 6, 1, 1, 1, 1, 1, 1)": [-4.998837616825254, -5.101540353396119, -5.172204834739038, -4.85603694154405, -6.319301855171626], "(1, 8, 1, 1, 1, 1, 1, 1)": [-10.629070105750241, -8.65782315808082, -10.512227211194912, -10.729461258626092, -10.66291060690709], "(2, 7, 1, 1, 1, 1, 1, 1)": [-16.904818842211238, -21.33203077629906, -21.260203621198947, -21.142677519283076, -21.191750629449192], "(2, 7, 1, 1, 0, 1, 1, 1)": [-0.8232999446029663, -0.5214495474815368, -0.4358028203964234, -0.5824077005386352, -0.47332477612495427], "(2, 7, 1, 0, 0, 1, 1, 1)": [-1.433995816563336, -1.0664690750275936, -0.9723229863313215, -1.7510550512478185, -1.1582443082097402], "(2, 8, 1, 0, 0, 1, 1, 1)": [-20.0, -0.10773613452911378, 0.0, -0.1836899757385254, -0.3152771782875061], "(0, 4, 1, 0, 0, 1, 1, 1)": [0.0, 0.013685467839241029, 0.0, 0.0, 0.0], "(0, 4, 1, 1, 1, 1, 1, 1)": [17.655439704428808, 13.86742519772914, 17.706886830504107, 17.45295060041108, 17.60152944095886], "(0, 5, 1, 1, 0, 1, 1, 1)": [0.0, -0.0692982920408249, -0.03399347364902496, -0.022957438230514528, -0.33712314893171047], "(1, 6, 1, 1, 1, 1, 1, 1)": [-11.846460509526365, -13.395276518043337, -11.618206066425962, -13.641355154694088, -13.299555925383117], "(1, 7, 0, 1, 1, 1, 1, 0)": [-0.6589012084960937, -0.4449454402923584, -0.2022646188735962, 0.0, -0.6064628839492798], "(1, 7, 0, 1, 1, 1, 0, 0)": [-0.4665780756950379, -0.8236172018051148, -13.337243974380494, -0.3842309722900391, -0.18190035820007325], "(1, 7, 0, 0, 1, 0, 0, 0)": [0.0, 0.0, 0.0, 0.0, 0.0], "(0, 0, 0, 0, 1, 0, 0, 0)": [0.0, 0.0, 0.19976827254902685, 0.0, 0.0], "(0, 7, 1, 1, 1, 1, 0, 1)": [-0.49556786506176, -0.5704258375167847, -0.43136363999843597, -0.594047273683548, -0.4256404147148133], "(0, 7, 1, 1, 1, 0, 0, 1)": [0.0, -0.19092082977294922, -0.4759263944625855, -0.4051417398452759, -20.34119010925293], "(0, 8, 1, 1, 1, 0, 0, 1)": [-0.18018161058425905, -0.1805860996246338, -0.5557247757911682, -0.4126334953308105, 0.0], "(1, 2, 1, 1, 1, 0, 0, 1)": [0.08479350209236146, 0.0, 0.0, 0.0, 0.0], "(1, 2, 1, 1, 1, 1, 1, 1)": [15.594827679538087, 15.71669514724515, 15.268215647351296, 15.84173057376983, 22.080450715462543], "(0, 8, 1, 1, 1, 1, 0, 1)": [0.0, -0.21300414085388186, 0.0, -0.5078601638221741, -0.15214070081710818], "(0, 8, 0, 1, 1, 1, 0, 0)": [0.0, -20.372356322479252, 0.0, -0.6048195085525513, 0.0], "(0, 8, 0, 1, 1, 0, 0, 0)": [0.0, 0.0, 0.0, -20.193143501281742, -0.15515780448913574], "(2, 8, 1, 1, 1, 1, 1, 1)": [-9.492440282796384, -10.099532033615006, -11.166606361944226, -10.210371819092005, -11.249631737189477], "(2, 9, 1, 1, 1, 1, 1, 1)": [-2.7149243496812288, -2.743204472255928, -2.730526270773522, -4.014448710215411, -2.6099959542154623], "(2, 0, 1, 1, 1, 1, 1, 1)": [0.8390053823953935, 0.9864680087855855, 0.4001061983150711, 0.8590856573339216, 0.9395337648182583], "(2, 9, 1, 0, 1, 1, 1, 1)": [-0.06618116796016693, -0.1576118186235428, -0.06548316478729248, -0.07810513973236084, -0.10831707715988159], "(2, 9, 1, 0, 0, 1, 1, 1)": [-0.16342966556549074, -0.07952133417129517, -0.1978988254070282, 0.0, 0.0], "(2, 9, 0, 0, 0, 1, 1, 0)": [0.0, 0.0, -20.231050831604005, 0.0, -0.22917731404304503], "(2, 8, 0, 0, 0, 1, 1, 0)": [-13.322767345805168, -0.38048840119838717, -0.19453487396240235, -0.1015313744544983, -20.21082395553589], "(1, 4, 0, 0, 0, 1, 1, 0)": [0.007590048015117645, 0.0, 0.0, 0.0, 0.0], "(1, 4, 1, 1, 1, 1, 1, 1)": [5.4293880379631005, 5.2209543265190215, 6.060577022268994, 5.44432273907741, 5.3574887868334615], "(1, 5, 1, 1, 1, 1, 1, 1)": [-5.853948523372307, -3.257941494699705, -3.0312314743549504, -3.4310916134169345, -3.143524518841594], "(1, 6, 1, 1, 1, 1, 1, 0)": [0.0, -0.2360404467582703, 0.0, -0.39950558185577395, 0.0], "(1, 6, 0, 1, 1, 1, 0, 0)": [-0.9710752115596447, -0.5124866387252808, -0.48741008741494185, -0.1862372636795044, -0.43184911394119263], "(1, 6, 0, 1, 1, 0, 0, 0)": [-1.809873149516218, -28.677267716179657, -0.9142295941261058, -20.224783254833223, -20.10123821258545], "(0, 7, 0, 1, 1, 0, 0, 0)": [0.0, 0.0, 0.0, -0.6679117307894618, 0.0], "(1, 7, 1, 0, 1, 1, 1, 1)": [-0.15502232313156128, 0.0, 0.0, -0.4175258684158325, 0.0], "(1, 7, 1, 0, 1, 1, 1, 0)": [-0.24210310697555543, -0.20799939632415773, 0.0, -0.22588770389556886, 0.0], "(1, 7, 0, 0, 0, 1, 1, 0)": [-0.5156416827201844, -0.23782196044921877, -4.192129181341275, -0.4390764761447906, -20.179029254913335], "(1, 7, 0, 0, 1, 1, 0, 0)": [-0.22297184467315675, -20.38833292007447, 0.0, -17.554603716357644, -0.19981893301010134], "(1, 2, 1, 0, 0, 1, 0, 1)": [0.0, 0.0, 0.0, 0.0, 0.12887195620793895], "(1, 3, 1, 1, 1, 1, 1, 1)": [17.37992805743082, 10.094570475403449, 9.54165601874271, 13.323324762017762, 12.312552279666034], "(1, 4, 0, 1, 1, 1, 1, 1)": [0.05699409041404724, 0.0, 0.08403965294361115, 0.0, 0.09002397828035355], "(1, 4, 0, 1, 1, 1, 1, 0)": [0.11997924522386552, 0.19180130405031207, 0.0, 0.07539103106485368, 0.1834783035570376], "(1, 4, 0, 1, 1, 1, 0, 0)": [0.10310922556593699, -12.744367930114679, 0.10411275802401689, 0.0728553433257292, 0.09686988061894937], "(1, 1, 0, 1, 1, 1, 0, 0)": [1.008893632397858, 0.0, 0.0, 0.0, 0.0], "(2, 7, 0, 1, 1, 1, 1, 0)": [-0.8666484365413667, -0.5884326504276276, -1.0055766326645434, -0.5750452686309815, -0.6447331241558075], "(2, 7, 0, 1, 1, 1, 0, 0)": [-20.19355163503647, -1.2011007325820255, -1.393650785525368, -1.3245412524806655, -21.872788066899165],